{"cameraMode":{"drawMode":0,"name":"Shaded","section":"Shading Mode"},"sceneLighting":false,"audioPlay":false,"sceneViewState":{"showFog":false,"showMaterialUpdate":false,"showSkybox":false,"showFlares":false,"showImageEffects":false,"showParticleSystems":false},"in2DMode":false,"pivot":{"x":-3.7956385612487795,"y":1.1718449592590333,"z":-26.18927001953125},"rotation":{"x":0.12225575000047684,"y":0.8772026896476746,"z":-0.3442029058933258,"w":0.31253281235694888},"size":12.08695125579834,"orthographic":true}