{"cameraMode":{"drawMode":0,"name":"Shaded","section":"Shading Mode"},"sceneLighting":false,"audioPlay":false,"sceneViewState":{"showFog":false,"showMaterialUpdate":false,"showSkybox":false,"showFlares":false,"showImageEffects":false,"showParticleSystems":false},"in2DMode":false,"pivot":{"x":-0.007504940032958984,"y":1.1718449592590333,"z":-0.004361465573310852},"rotation":{"x":0.012136941775679589,"y":0.97857666015625,"z":-0.19664736092090608,"w":0.06054902449250221},"size":7.636403560638428,"orthographic":true}