{"cameraMode":{"drawMode":0,"name":"Shaded","section":"Shading Mode"},"sceneLighting":false,"audioPlay":false,"sceneViewState":{"showFog":false,"showMaterialUpdate":false,"showSkybox":false,"showFlares":false,"showImageEffects":false,"showParticleSystems":false},"in2DMode":false,"pivot":{"x":9.972345352172852,"y":1.1718449592590333,"z":-36.131290435791019},"rotation":{"x":0.013424906879663468,"y":-0.9082929491996765,"z":0.41744890809059145,"w":0.02917259931564331},"size":33.49555206298828,"orthographic":true}