{"cameraMode":{"drawMode":0,"name":"Shaded","section":"Shading Mode"},"sceneLighting":false,"audioPlay":false,"sceneViewState":{"showFog":false,"showMaterialUpdate":false,"showSkybox":false,"showFlares":false,"showImageEffects":false,"showParticleSystems":false},"in2DMode":false,"pivot":{"x":48.48095703125,"y":9.8544921875,"z":-19.0648193359375},"rotation":{"x":-0.2959083616733551,"y":0.6912234425544739,"z":-0.37383729219436648,"w":-0.543632984161377},"size":7.3471760749816898,"orthographic":true}